/*
Navicat MySQL Data Transfer

Source Server         : 
Source Server Version : 50718
Source Host           : localhost:3306
Source Database       : sscs

Target Server Type    : MYSQL
Target Server Version : 50718
File Encoding         : 65001

Date: 2018-06-23 17:11:26
*/

SET FOREIGN_KEY_CHECKS=0;

-- ----------------------------
-- Table structure for t_admin
-- ----------------------------
DROP TABLE IF EXISTS `t_admin`;
CREATE TABLE `t_admin` (
  `userid` varchar(10) NOT NULL,
  `username` varchar(10) DEFAULT NULL,
  `password` varchar(16) DEFAULT NULL,
  `age` int(3) DEFAULT NULL,
  `score` decimal(5,1) DEFAULT NULL,
  `introduction` varchar(500) DEFAULT NULL,
  `enterdate` date DEFAULT NULL,
  PRIMARY KEY (`userid`)
) ENGINE=InnoDB DEFAULT CHARSET=utf8;

-- ----------------------------
-- Records of t_admin
-- ----------------------------
INSERT INTO `t_admin` VALUES ('123456', '王明', '123456', '32', '100.0', '性格热情开朗，待人友好，为人诚实谦虚。工作勤奋，认真负责，能吃苦耐劳，尽职尽责，有耐心。具有亲和力，平易近人，善于与人沟通', '2018-03-22');
INSERT INTO `t_admin` VALUES ('1515', '山大', '123123', '12', '12.0', '', '2018-06-29');
INSERT INTO `t_admin` VALUES ('666666', '张三', '123456', '22', '99.0', '<span style=\"color:#E53333;font-family:&quot;font-size:14px;line-height:29px;\">忠实诚信,讲原则，说到做到，决不推卸责任；有自制力，做事情始终坚持有始有终，从不半途而废；肯学习,有问题不逃避,愿意虚心向他人学习；自信但不自负,不以自我为中心；愿意以谦虚态度赞扬接纳优越者,权威者；会用100%的热情和精力投入到工作中；平易近人。为人诚恳,性格开朗,积极进取,适应力强、勤奋好学、脚踏实地，有较强的团队精神,工作积极进取,态度认真。</span><span style=\"color:#E53333;\"><span style=\"color:#E53333;font-size:14px;\"></span><span style=\"color:#E53333;font-size:14px;\"></span></span>', '2018-05-28');
INSERT INTO `t_admin` VALUES ('888888', '李四', '123456', '22', '99.8', '<span style=\"color:#333333;font-family:&quot;font-size:16px;line-height:29px;\">性格热情开朗，待人友好，为人诚实谦虚。工作勤奋，认真负责，能吃苦耐劳，尽职尽责，有耐心。具有亲和力，平易近人，善于与人沟通</span>', '2018-05-08');
INSERT INTO `t_admin` VALUES ('admin', 'admin', 'admin', '21', '100.0', '  ', '2018-06-12');

-- ----------------------------
-- Table structure for t_class
-- ----------------------------
DROP TABLE IF EXISTS `t_class`;
CREATE TABLE `t_class` (
  `classno` int(4) NOT NULL AUTO_INCREMENT,
  `cname` varchar(20) DEFAULT NULL,
  `cteacher` varchar(20) DEFAULT NULL,
  `classroom` varchar(20) DEFAULT NULL,
  PRIMARY KEY (`classno`)
) ENGINE=InnoDB AUTO_INCREMENT=1532 DEFAULT CHARSET=utf8;

-- ----------------------------
-- Records of t_class
-- ----------------------------
INSERT INTO `t_class` VALUES ('1520', '软工', '赵丽', '综阶1');
INSERT INTO `t_class` VALUES ('1521', '软工', '齐兴斌', '综阶2');
INSERT INTO `t_class` VALUES ('1522', '软工', '张志斌', '综阶3');
INSERT INTO `t_class` VALUES ('1523', '软工', '郭小英', '综阶5');
INSERT INTO `t_class` VALUES ('1524', '软工', '郭新峰', '综阶6');
INSERT INTO `t_class` VALUES ('1525', '软工', '王若慧', '综阶7');
INSERT INTO `t_class` VALUES ('1526', '软工', '贾春华', '综阶8');
INSERT INTO `t_class` VALUES ('1527', '软工', '朱云雷', '综阶9');
INSERT INTO `t_class` VALUES ('1528', '软工', '李雪梅', '综阶10');
INSERT INTO `t_class` VALUES ('1529', '软工', '张举 ', '综阶11');
INSERT INTO `t_class` VALUES ('1530', '软工', '米晓萍', '综阶12');
INSERT INTO `t_class` VALUES ('1531', '软工', '张建英', '综阶13');

-- ----------------------------
-- Table structure for t_course
-- ----------------------------
DROP TABLE IF EXISTS `t_course`;
CREATE TABLE `t_course` (
  `cno` int(4) NOT NULL AUTO_INCREMENT,
  `name` varchar(20) DEFAULT NULL,
  `credit` int(1) DEFAULT NULL,
  `periodstart` date DEFAULT NULL,
  `periodend` date DEFAULT NULL,
  PRIMARY KEY (`cno`)
) ENGINE=InnoDB AUTO_INCREMENT=1010 DEFAULT CHARSET=utf8;

-- ----------------------------
-- Records of t_course
-- ----------------------------
INSERT INTO `t_course` VALUES ('1001', '数据库', '4', '2018-02-01', '2018-08-08');
INSERT INTO `t_course` VALUES ('1002', '数据结构', '4', '2018-02-01', '2018-08-08');
INSERT INTO `t_course` VALUES ('1003', 'j2ee', '4', '2018-02-01', '2018-08-08');
INSERT INTO `t_course` VALUES ('1004', '计算机网络', '4', '2018-02-01', '2018-08-08');
INSERT INTO `t_course` VALUES ('1005', '计算机组成原理', '4', '2018-02-01', '2018-08-08');
INSERT INTO `t_course` VALUES ('1007', '编译原理', '4', '2018-02-01', '2018-08-08');
INSERT INTO `t_course` VALUES ('1008', 'C语言', '4', '2018-02-01', '2018-02-01');
INSERT INTO `t_course` VALUES ('1009', 'c++', '4', '2018-01-02', '2018-05-28');

-- ----------------------------
-- Table structure for t_sc
-- ----------------------------
DROP TABLE IF EXISTS `t_sc`;
CREATE TABLE `t_sc` (
  `sno` int(10) NOT NULL,
  `cno` int(4) NOT NULL,
  `tno` int(4) NOT NULL,
  `score` decimal(5,2) DEFAULT NULL,
  PRIMARY KEY (`sno`,`cno`,`tno`),
  KEY `t_sc_ibfk_2` (`cno`),
  KEY `t_sc_ibfk_3` (`tno`),
  CONSTRAINT `t_sc_ibfk_1` FOREIGN KEY (`sno`) REFERENCES `t_student` (`sno`),
  CONSTRAINT `t_sc_ibfk_2` FOREIGN KEY (`cno`) REFERENCES `t_course` (`cno`),
  CONSTRAINT `t_sc_ibfk_3` FOREIGN KEY (`tno`) REFERENCES `t_teacher` (`tno`)
) ENGINE=InnoDB DEFAULT CHARSET=utf8;

-- ----------------------------
-- Records of t_sc
-- ----------------------------
INSERT INTO `t_sc` VALUES ('2015001', '1001', '1001', '100.00');
INSERT INTO `t_sc` VALUES ('2015001', '1002', '1001', '100.00');
INSERT INTO `t_sc` VALUES ('2015001', '1004', '1001', null);
INSERT INTO `t_sc` VALUES ('2015001', '1005', '1002', null);
INSERT INTO `t_sc` VALUES ('2015001', '1007', '1004', null);
INSERT INTO `t_sc` VALUES ('2015001', '1008', '1005', null);
INSERT INTO `t_sc` VALUES ('2015001', '1009', '1001', null);

-- ----------------------------
-- Table structure for t_student
-- ----------------------------
DROP TABLE IF EXISTS `t_student`;
CREATE TABLE `t_student` (
  `sno` int(9) NOT NULL AUTO_INCREMENT,
  `password` varchar(16) DEFAULT NULL,
  `sname` varchar(20) DEFAULT NULL,
  `phone` bigint(11) DEFAULT NULL,
  `sex` varchar(2) DEFAULT NULL,
  `birthday` date DEFAULT NULL,
  `classno` int(4) DEFAULT NULL,
  `remark` varchar(10) DEFAULT NULL,
  PRIMARY KEY (`sno`),
  KEY `t_student_ibfk_1` (`classno`),
  CONSTRAINT `t_student_ibfk_1` FOREIGN KEY (`classno`) REFERENCES `t_class` (`classno`)
) ENGINE=InnoDB AUTO_INCREMENT=2015571 DEFAULT CHARSET=utf8;

-- ----------------------------
-- Records of t_student
-- ----------------------------
INSERT INTO `t_student` VALUES ('2015001', '123456', '李四', '15788888888', '女', '2018-05-28', '1525', '优秀');
INSERT INTO `t_student` VALUES ('2015002', '123456', '张三', '15788888888', '女', '2018-05-28', '1520', '良好');
INSERT INTO `t_student` VALUES ('2015003', '123456', '张三', '15788888888', '女', '2018-05-28', '1520', '良好');
INSERT INTO `t_student` VALUES ('2015004', '123456', '张三', '15788888888', '女', '2018-05-28', '1520', '优秀');
INSERT INTO `t_student` VALUES ('2015005', '123456', '张三', '15788888888', '女', '2018-05-28', '1520', '合格');
INSERT INTO `t_student` VALUES ('2015006', '123456', '张三', '15788888888', '女', '2018-05-28', '1520', '良好');
INSERT INTO `t_student` VALUES ('2015007', '123456', '张三', '15788888888', '女', '2018-05-28', '1520', '优秀');
INSERT INTO `t_student` VALUES ('2015008', '123456', '张三', '15788888888', '女', '2018-05-28', '1520', '优秀');
INSERT INTO `t_student` VALUES ('2015009', '123456', '张三', '15788888888', '女', '2018-05-28', '1520', '优秀');
INSERT INTO `t_student` VALUES ('2015010', '123456', '张三', '15788888888', '女', '2018-05-28', '1520', '优秀');
INSERT INTO `t_student` VALUES ('2015011', '123456', '张三', '15788888888', '女', '2018-05-28', '1520', '优秀');
INSERT INTO `t_student` VALUES ('2015012', '123456', '张三', '15788888888', '女', '2018-05-28', '1520', '优秀');
INSERT INTO `t_student` VALUES ('2015013', '123456', '张三', '15788888888', '女', '2018-05-28', '1520', '优秀');
INSERT INTO `t_student` VALUES ('2015014', '123456', '张三', '15788888888', '女', '2018-05-28', '1520', '优秀');
INSERT INTO `t_student` VALUES ('2015015', '123456', '张三', '15788888888', '女', '2018-05-28', '1520', '优秀');
INSERT INTO `t_student` VALUES ('2015016', '123456', '张三', '15788888888', '女', '2018-05-28', '1520', '优秀');
INSERT INTO `t_student` VALUES ('2015017', '123456', '张三', '15788888888', '女', '2018-05-28', '1520', '良好');
INSERT INTO `t_student` VALUES ('2015018', '123456', '张三', '15788888888', '女', '2018-05-28', '1520', '优秀');
INSERT INTO `t_student` VALUES ('2015019', '123456', '张三', '15788888888', '女', '2018-05-28', '1520', '优秀');
INSERT INTO `t_student` VALUES ('2015020', '123456', '张三', '15788888888', '女', '2018-05-28', '1520', '优秀');
INSERT INTO `t_student` VALUES ('2015021', '123456', '张三', '15788888888', '女', '2018-05-28', '1520', '优秀');
INSERT INTO `t_student` VALUES ('2015022', '123456', '张三', '15788888888', '女', '2018-05-28', '1520', '优秀');
INSERT INTO `t_student` VALUES ('2015023', '123456', '张三', '15788888888', '女', '2018-05-28', '1520', '优秀');
INSERT INTO `t_student` VALUES ('2015024', '123456', '张三', '15788888888', '女', '2018-05-28', '1520', '优秀');
INSERT INTO `t_student` VALUES ('2015025', '123456', '张三', '15788888888', '女', '2018-05-28', '1520', '优秀');
INSERT INTO `t_student` VALUES ('2015026', '123456', '张三', '15788888888', '女', '2018-05-28', '1520', '优秀');
INSERT INTO `t_student` VALUES ('2015027', '123456', '张三', '15788888888', '女', '2018-05-28', '1520', '优秀');
INSERT INTO `t_student` VALUES ('2015028', '123456', '张三', '15788888888', '女', '2018-05-28', '1520', '优秀');
INSERT INTO `t_student` VALUES ('2015029', '123456', '张三', '15788888888', '女', '2018-05-28', '1520', '优秀');
INSERT INTO `t_student` VALUES ('2015030', '123456', '张三', '15788888888', '女', '2018-05-28', '1520', '优秀');
INSERT INTO `t_student` VALUES ('2015031', '123456', '张三', '15788888888', '女', '2018-05-28', '1520', '优秀');
INSERT INTO `t_student` VALUES ('2015032', '123456', '张三', '15788888888', '女', '2018-05-28', '1520', '优秀');
INSERT INTO `t_student` VALUES ('2015033', '123456', '张三', '15788888888', '女', '2018-05-28', '1520', '优秀');
INSERT INTO `t_student` VALUES ('2015034', '123456', '张三', '15788888888', '女', '2018-05-28', '1520', '优秀');
INSERT INTO `t_student` VALUES ('2015035', '123456', '张三', '15788888888', '女', '2018-05-28', '1520', '优秀');
INSERT INTO `t_student` VALUES ('2015036', '123456', '张三', '15788888888', '女', '2018-05-28', '1520', '优秀');
INSERT INTO `t_student` VALUES ('2015037', '123456', '张三', '15788888888', '女', '2018-05-28', '1520', '优秀');
INSERT INTO `t_student` VALUES ('2015038', '123456', '张三', '15788888888', '女', '2018-05-28', '1520', '优秀');
INSERT INTO `t_student` VALUES ('2015039', '123456', '张三', '15788888888', '女', '2018-05-28', '1520', '优秀');
INSERT INTO `t_student` VALUES ('2015040', '123456', '张三', '15788888888', '女', '2018-05-28', '1520', '优秀');
INSERT INTO `t_student` VALUES ('2015041', '123456', '张三', '15788888888', '女', '2018-05-28', '1520', '优秀');
INSERT INTO `t_student` VALUES ('2015042', '123456', '张三', '15788888888', '女', '2018-05-28', '1520', '优秀');
INSERT INTO `t_student` VALUES ('2015043', '123456', '张三', '15788888888', '女', '2018-05-28', '1520', '优秀');
INSERT INTO `t_student` VALUES ('2015044', '123456', '张三', '15788888888', '女', '2018-05-28', '1520', '优秀');
INSERT INTO `t_student` VALUES ('2015045', '123456', '张三', '15788888888', '女', '2018-05-28', '1520', '优秀');
INSERT INTO `t_student` VALUES ('2015046', '123456', '张三', '15788888888', '女', '2018-05-28', '1521', '优秀');
INSERT INTO `t_student` VALUES ('2015047', '123456', '张三', '15788888888', '女', '2018-05-28', '1521', '优秀');
INSERT INTO `t_student` VALUES ('2015048', '123456', '张三', '15788888888', '女', '2018-05-28', '1521', '优秀');
INSERT INTO `t_student` VALUES ('2015049', '123456', '张三', '15788888888', '女', '2018-05-28', '1521', '优秀');
INSERT INTO `t_student` VALUES ('2015050', '123456', '张三', '15788888888', '女', '2018-05-28', '1521', '优秀');
INSERT INTO `t_student` VALUES ('2015051', '123456', '张三', '15788888888', '女', '2018-05-28', '1521', '优秀');
INSERT INTO `t_student` VALUES ('2015052', '123456', '张三', '15788888888', '女', '2018-05-28', '1521', '优秀');
INSERT INTO `t_student` VALUES ('2015053', '123456', '张三', '15788888888', '女', '2018-05-28', '1521', '优秀');
INSERT INTO `t_student` VALUES ('2015054', '123456', '张三', '15788888888', '女', '2018-05-28', '1521', '优秀');
INSERT INTO `t_student` VALUES ('2015055', '123456', '张三', '15788888888', '女', '2018-05-28', '1521', '优秀');
INSERT INTO `t_student` VALUES ('2015056', '123456', '张三', '15788888888', '女', '2018-05-28', '1521', '优秀');
INSERT INTO `t_student` VALUES ('2015057', '123456', '张三', '15788888888', '女', '2018-05-28', '1521', '优秀');
INSERT INTO `t_student` VALUES ('2015058', '123456', '张三', '15788888888', '女', '2018-05-28', '1521', '优秀');
INSERT INTO `t_student` VALUES ('2015059', '123456', '张三', '15788888888', '女', '2018-05-28', '1521', '优秀');
INSERT INTO `t_student` VALUES ('2015060', '123456', '张三', '15788888888', '女', '2018-05-28', '1521', '优秀');
INSERT INTO `t_student` VALUES ('2015061', '123456', '张三', '15788888888', '女', '2018-05-28', '1521', '优秀');
INSERT INTO `t_student` VALUES ('2015062', '123456', '张三', '15788888888', '女', '2018-05-28', '1521', '优秀');
INSERT INTO `t_student` VALUES ('2015063', '123456', '张三', '15788888888', '女', '2018-05-28', '1521', '优秀');
INSERT INTO `t_student` VALUES ('2015064', '123456', '张三', '15788888888', '女', '2018-05-28', '1521', '优秀');
INSERT INTO `t_student` VALUES ('2015065', '123456', '张三', '15788888888', '女', '2018-05-28', '1521', '优秀');
INSERT INTO `t_student` VALUES ('2015066', '123456', '张三', '15788888888', '女', '2018-05-28', '1521', '优秀');
INSERT INTO `t_student` VALUES ('2015067', '123456', '张三', '15788888888', '女', '2018-05-28', '1521', '优秀');
INSERT INTO `t_student` VALUES ('2015068', '123456', '张三', '15788888888', '女', '2018-05-28', '1521', '优秀');
INSERT INTO `t_student` VALUES ('2015069', '123456', '张三', '15788888888', '女', '2018-05-28', '1521', '优秀');
INSERT INTO `t_student` VALUES ('2015070', '123456', '张三', '15788888888', '女', '2018-05-28', '1521', '优秀');
INSERT INTO `t_student` VALUES ('2015071', '123456', '张三', '15788888888', '女', '2018-05-28', '1521', '优秀');
INSERT INTO `t_student` VALUES ('2015072', '123456', '张三', '15788888888', '女', '2018-05-28', '1521', '优秀');
INSERT INTO `t_student` VALUES ('2015073', '123456', '张三', '15788888888', '女', '2018-05-28', '1521', '优秀');
INSERT INTO `t_student` VALUES ('2015074', '123456', '张三', '15788888888', '女', '2018-05-28', '1521', '优秀');
INSERT INTO `t_student` VALUES ('2015075', '123456', '张三', '15788888888', '女', '2018-05-28', '1521', '优秀');
INSERT INTO `t_student` VALUES ('2015076', '123456', '张三', '15788888888', '女', '2018-05-28', '1521', '优秀');
INSERT INTO `t_student` VALUES ('2015077', '123456', '张三', '15788888888', '女', '2018-05-28', '1521', '优秀');
INSERT INTO `t_student` VALUES ('2015078', '123456', '张三', '15788888888', '女', '2018-05-28', '1521', '优秀');
INSERT INTO `t_student` VALUES ('2015079', '123456', '张三', '15788888888', '女', '2018-05-28', '1521', '优秀');
INSERT INTO `t_student` VALUES ('2015080', '123456', '张三', '15788888888', '女', '2018-05-28', '1521', '优秀');
INSERT INTO `t_student` VALUES ('2015081', '123456', '张三', '15788888888', '女', '2018-05-28', '1521', '优秀');
INSERT INTO `t_student` VALUES ('2015082', '123456', '张三', '15788888888', '女', '2018-05-28', '1521', '优秀');
INSERT INTO `t_student` VALUES ('2015083', '123456', '张三', '15788888888', '女', '2018-05-28', '1521', '优秀');
INSERT INTO `t_student` VALUES ('2015084', '123456', '张三', '15788888888', '女', '2018-05-28', '1521', '良好');
INSERT INTO `t_student` VALUES ('2015085', '123456', '张三', '15788888888', '女', '2018-05-28', '1521', '优秀');
INSERT INTO `t_student` VALUES ('2015086', '123456', '张三', '15788888888', '女', '2018-05-28', '1521', '优秀');
INSERT INTO `t_student` VALUES ('2015087', '123456', '张三', '15788888888', '女', '2018-05-28', '1521', '优秀');
INSERT INTO `t_student` VALUES ('2015088', '123456', '张三', '15788888888', '女', '2018-05-28', '1521', '优秀');
INSERT INTO `t_student` VALUES ('2015089', '123456', '张三', '15788888888', '女', '2018-05-28', '1521', '优秀');
INSERT INTO `t_student` VALUES ('2015090', '123456', '张三', '15788888888', '女', '2018-05-28', '1522', '优秀');
INSERT INTO `t_student` VALUES ('2015091', '123456', '张三', '15788888888', '女', '2018-05-28', '1522', '优秀');
INSERT INTO `t_student` VALUES ('2015092', '123456', '张三', '15788888888', '女', '2018-05-28', '1522', '优秀');
INSERT INTO `t_student` VALUES ('2015093', '123456', '张三', '15788888888', '女', '2018-05-28', '1522', '优秀');
INSERT INTO `t_student` VALUES ('2015094', '123456', '张三', '15788888888', '女', '2018-05-28', '1522', '优秀');
INSERT INTO `t_student` VALUES ('2015095', '123456', '张三', '15788888888', '女', '2018-05-28', '1522', '优秀');
INSERT INTO `t_student` VALUES ('2015096', '123456', '张三', '15788888888', '女', '2018-05-28', '1522', '优秀');
INSERT INTO `t_student` VALUES ('2015097', '123456', '张三', '15788888888', '女', '2018-05-28', '1522', '优秀');
INSERT INTO `t_student` VALUES ('2015098', '123456', '张三', '15788888888', '女', '2018-05-28', '1522', '优秀');
INSERT INTO `t_student` VALUES ('2015099', '123456', '张三', '15788888888', '女', '2018-05-28', '1522', '优秀');
INSERT INTO `t_student` VALUES ('2015100', '123456', '张三', '15788888888', '女', '2018-05-28', '1522', '优秀');
INSERT INTO `t_student` VALUES ('2015101', '123456', '张三', '15788888888', '女', '2018-05-28', '1522', '优秀');
INSERT INTO `t_student` VALUES ('2015102', '123456', '张三', '15788888888', '女', '2018-05-28', '1522', '优秀');
INSERT INTO `t_student` VALUES ('2015103', '123456', '张三', '15788888888', '女', '2018-05-28', '1522', '优秀');
INSERT INTO `t_student` VALUES ('2015104', '123456', '张三', '15788888888', '女', '2018-05-28', '1522', '优秀');
INSERT INTO `t_student` VALUES ('2015105', '123456', '张三', '15788888888', '女', '2018-05-28', '1522', '优秀');
INSERT INTO `t_student` VALUES ('2015106', '123456', '张三', '15788888888', '女', '2018-05-28', '1522', '优秀');
INSERT INTO `t_student` VALUES ('2015107', '123456', '张三', '15788888888', '女', '2018-05-28', '1522', '优秀');
INSERT INTO `t_student` VALUES ('2015108', '123456', '张三', '15788888888', '女', '2018-05-28', '1522', '优秀');
INSERT INTO `t_student` VALUES ('2015109', '123456', '张三', '15788888888', '女', '2018-05-28', '1522', '优秀');
INSERT INTO `t_student` VALUES ('2015110', '123456', '张三', '15788888888', '女', '2018-05-28', '1522', '优秀');
INSERT INTO `t_student` VALUES ('2015111', '123456', '张三', '15788888888', '女', '2018-05-28', '1522', '优秀');
INSERT INTO `t_student` VALUES ('2015112', '123456', '张三', '15788888888', '女', '2018-05-28', '1522', '优秀');
INSERT INTO `t_student` VALUES ('2015113', '123456', '张三', '15788888888', '女', '2018-05-28', '1522', '优秀');
INSERT INTO `t_student` VALUES ('2015114', '123456', '张三', '15788888888', '女', '2018-05-28', '1522', '优秀');
INSERT INTO `t_student` VALUES ('2015115', '123456', '张三', '15788888888', '女', '2018-05-28', '1522', '优秀');
INSERT INTO `t_student` VALUES ('2015116', '123456', '张三', '15788888888', '女', '2018-05-28', '1522', '优秀');
INSERT INTO `t_student` VALUES ('2015117', '123456', '张三', '15788888888', '女', '2018-05-28', '1522', '优秀');
INSERT INTO `t_student` VALUES ('2015118', '123456', '张三', '15788888888', '女', '2018-05-28', '1522', '优秀');
INSERT INTO `t_student` VALUES ('2015119', '123456', '张三', '15788888888', '女', '2018-05-28', '1522', '优秀');
INSERT INTO `t_student` VALUES ('2015120', '123456', '张三', '15788888888', '女', '2018-05-28', '1522', '优秀');
INSERT INTO `t_student` VALUES ('2015121', '123456', '张三', '15788888888', '女', '2018-05-28', '1522', '优秀');
INSERT INTO `t_student` VALUES ('2015122', '123456', '张三', '15788888888', '女', '2018-05-28', '1522', '优秀');
INSERT INTO `t_student` VALUES ('2015123', '123456', '张三', '15788888888', '女', '2018-05-28', '1522', '优秀');
INSERT INTO `t_student` VALUES ('2015124', '123456', '张三', '15788888888', '女', '2018-05-28', '1522', '优秀');
INSERT INTO `t_student` VALUES ('2015125', '123456', '张三', '15788888888', '女', '2018-05-28', '1522', '优秀');
INSERT INTO `t_student` VALUES ('2015126', '123456', '张三', '15788888888', '女', '2018-05-28', '1522', '优秀');
INSERT INTO `t_student` VALUES ('2015127', '123456', '张三', '15788888888', '女', '2018-05-28', '1522', '优秀');
INSERT INTO `t_student` VALUES ('2015128', '123456', '张三', '15788888888', '女', '2018-05-28', '1522', '优秀');
INSERT INTO `t_student` VALUES ('2015129', '123456', '张三', '15788888888', '女', '2018-05-28', '1522', '优秀');
INSERT INTO `t_student` VALUES ('2015130', '123456', '张三', '15788888888', '女', '2018-05-28', '1522', '优秀');
INSERT INTO `t_student` VALUES ('2015131', '123456', '张三', '15788888888', '女', '2018-05-28', '1522', '优秀');
INSERT INTO `t_student` VALUES ('2015132', '123456', '张三', '15788888888', '女', '2018-05-28', '1522', '优秀');
INSERT INTO `t_student` VALUES ('2015133', '123456', '张三', '15788888888', '女', '2018-05-28', '1522', '优秀');
INSERT INTO `t_student` VALUES ('2015134', '123456', '张三', '15788888888', '女', '2018-05-28', '1523', '优秀');
INSERT INTO `t_student` VALUES ('2015135', '123456', '张三', '15788888888', '女', '2018-05-28', '1523', '优秀');
INSERT INTO `t_student` VALUES ('2015136', '123456', '张三', '15788888888', '女', '2018-05-28', '1523', '优秀');
INSERT INTO `t_student` VALUES ('2015137', '123456', '张三', '15788888888', '女', '2018-05-28', '1523', '优秀');
INSERT INTO `t_student` VALUES ('2015138', '123456', '张三', '15788888888', '女', '2018-05-28', '1523', '优秀');
INSERT INTO `t_student` VALUES ('2015139', '123456', '张三', '15788888888', '女', '2018-05-28', '1523', '优秀');
INSERT INTO `t_student` VALUES ('2015140', '123456', '张三', '15788888888', '女', '2018-05-28', '1523', '优秀');
INSERT INTO `t_student` VALUES ('2015141', '123456', '张三', '15788888888', '女', '2018-05-28', '1523', '优秀');
INSERT INTO `t_student` VALUES ('2015142', '123456', '张三', '15788888888', '女', '2018-05-28', '1523', '优秀');
INSERT INTO `t_student` VALUES ('2015143', '123456', '张三', '15788888888', '女', '2018-05-28', '1523', '优秀');
INSERT INTO `t_student` VALUES ('2015144', '123456', '张三', '15788888888', '女', '2018-05-28', '1523', '优秀');
INSERT INTO `t_student` VALUES ('2015145', '123456', '张三', '15788888888', '女', '2018-05-28', '1523', '优秀');
INSERT INTO `t_student` VALUES ('2015146', '123456', '张三', '15788888888', '女', '2018-05-28', '1523', '优秀');
INSERT INTO `t_student` VALUES ('2015147', '123456', '张三', '15788888888', '女', '2018-05-28', '1523', '优秀');
INSERT INTO `t_student` VALUES ('2015148', '123456', '张三', '15788888888', '女', '2018-05-28', '1523', '优秀');
INSERT INTO `t_student` VALUES ('2015149', '123456', '张三', '15788888888', '女', '2018-05-28', '1523', '优秀');
INSERT INTO `t_student` VALUES ('2015150', '123456', '张三', '15788888888', '女', '2018-05-28', '1523', '优秀');
INSERT INTO `t_student` VALUES ('2015151', '123456', '张三', '15788888888', '女', '2018-05-28', '1523', '优秀');
INSERT INTO `t_student` VALUES ('2015152', '123456', '张三', '15788888888', '女', '2018-05-28', '1523', '优秀');
INSERT INTO `t_student` VALUES ('2015153', '123456', '张三', '15788888888', '女', '2018-05-28', '1523', '优秀');
INSERT INTO `t_student` VALUES ('2015154', '123456', '张三', '15788888888', '女', '2018-05-28', '1523', '优秀');
INSERT INTO `t_student` VALUES ('2015155', '123456', '张三', '15788888888', '女', '2018-05-28', '1523', '优秀');
INSERT INTO `t_student` VALUES ('2015156', '123456', '张三', '15788888888', '女', '2018-05-28', '1523', '优秀');
INSERT INTO `t_student` VALUES ('2015157', '123456', '张三', '15788888888', '女', '2018-05-28', '1523', '优秀');
INSERT INTO `t_student` VALUES ('2015158', '123456', '张三', '15788888888', '女', '2018-05-28', '1523', '优秀');
INSERT INTO `t_student` VALUES ('2015159', '123456', '张三', '15788888888', '女', '2018-05-28', '1523', '优秀');
INSERT INTO `t_student` VALUES ('2015160', '123456', '张三', '15788888888', '女', '2018-05-28', '1523', '优秀');
INSERT INTO `t_student` VALUES ('2015161', '123456', '张三', '15788888888', '女', '2018-05-28', '1523', '优秀');
INSERT INTO `t_student` VALUES ('2015162', '123456', '张三', '15788888888', '女', '2018-05-28', '1523', '优秀');
INSERT INTO `t_student` VALUES ('2015163', '123456', '张三', '15788888888', '女', '2018-05-28', '1523', '优秀');
INSERT INTO `t_student` VALUES ('2015164', '123456', '张三', '15788888888', '女', '2018-05-28', '1523', '优秀');
INSERT INTO `t_student` VALUES ('2015165', '123456', '张三', '15788888888', '女', '2018-05-28', '1523', '优秀');
INSERT INTO `t_student` VALUES ('2015166', '123456', '张三', '15788888888', '女', '2018-05-28', '1523', '优秀');
INSERT INTO `t_student` VALUES ('2015167', '123456', '张三', '15788888888', '女', '2018-05-28', '1523', '优秀');
INSERT INTO `t_student` VALUES ('2015168', '123456', '张三', '15788888888', '女', '2018-05-28', '1523', '优秀');
INSERT INTO `t_student` VALUES ('2015169', '123456', '张三', '15788888888', '女', '2018-05-28', '1523', '优秀');
INSERT INTO `t_student` VALUES ('2015170', '123456', '张三', '15788888888', '女', '2018-05-28', '1523', '优秀');
INSERT INTO `t_student` VALUES ('2015171', '123456', '张三', '15788888888', '女', '2018-05-28', '1523', '优秀');
INSERT INTO `t_student` VALUES ('2015172', '123456', '张三', '15788888888', '女', '2018-05-28', '1523', '优秀');
INSERT INTO `t_student` VALUES ('2015173', '123456', '张三', '15788888888', '女', '2018-05-28', '1523', '优秀');
INSERT INTO `t_student` VALUES ('2015174', '123456', '张三', '15788888888', '女', '2018-05-28', '1523', '优秀');
INSERT INTO `t_student` VALUES ('2015175', '123456', '张三', '15788888888', '女', '2018-05-28', '1523', '优秀');
INSERT INTO `t_student` VALUES ('2015176', '123456', '张三', '15788888888', '女', '2018-05-28', '1523', '优秀');
INSERT INTO `t_student` VALUES ('2015177', '123456', '张三', '15788888888', '女', '2018-05-28', '1523', '优秀');
INSERT INTO `t_student` VALUES ('2015178', '123456', '张三', '15788888888', '女', '2018-05-28', '1524', '优秀');
INSERT INTO `t_student` VALUES ('2015179', '123456', '张三', '15788888888', '女', '2018-05-28', '1524', '优秀');
INSERT INTO `t_student` VALUES ('2015180', '123456', '张三', '15788888888', '女', '2018-05-28', '1524', '优秀');
INSERT INTO `t_student` VALUES ('2015181', '123456', '张三', '15788888888', '女', '2018-05-28', '1524', '优秀');
INSERT INTO `t_student` VALUES ('2015182', '123456', '张三', '15788888888', '女', '2018-05-28', '1524', '优秀');
INSERT INTO `t_student` VALUES ('2015183', '123456', '张三', '15788888888', '女', '2018-05-28', '1524', '优秀');
INSERT INTO `t_student` VALUES ('2015184', '123456', '张三', '15788888888', '女', '2018-05-28', '1524', '优秀');
INSERT INTO `t_student` VALUES ('2015185', '123456', '张三', '15788888888', '女', '2018-05-28', '1524', '优秀');
INSERT INTO `t_student` VALUES ('2015186', '123456', '张三', '15788888888', '女', '2018-05-28', '1524', '优秀');
INSERT INTO `t_student` VALUES ('2015187', '123456', '张三', '15788888888', '女', '2018-05-28', '1524', '优秀');
INSERT INTO `t_student` VALUES ('2015188', '123456', '张三', '15788888888', '女', '2018-05-28', '1524', '优秀');
INSERT INTO `t_student` VALUES ('2015189', '123456', '张三', '15788888888', '女', '2018-05-28', '1524', '优秀');
INSERT INTO `t_student` VALUES ('2015190', '123456', '张三', '15788888888', '女', '2018-05-28', '1524', '优秀');
INSERT INTO `t_student` VALUES ('2015191', '123456', '张三', '15788888888', '女', '2018-05-28', '1524', '优秀');
INSERT INTO `t_student` VALUES ('2015192', '123456', '张三', '15788888888', '女', '2018-05-28', '1524', '优秀');
INSERT INTO `t_student` VALUES ('2015193', '123456', '张三', '15788888888', '女', '2018-05-28', '1524', '优秀');
INSERT INTO `t_student` VALUES ('2015194', '123456', '张三', '15788888888', '女', '2018-05-28', '1524', '优秀');
INSERT INTO `t_student` VALUES ('2015195', '123456', '张三', '15788888888', '女', '2018-05-28', '1524', '优秀');
INSERT INTO `t_student` VALUES ('2015196', '123456', '张三', '15788888888', '女', '2018-05-28', '1524', '优秀');
INSERT INTO `t_student` VALUES ('2015197', '123456', '张三', '15788888888', '女', '2018-05-28', '1524', '优秀');
INSERT INTO `t_student` VALUES ('2015198', '123456', '张三', '15788888888', '女', '2018-05-28', '1524', '优秀');
INSERT INTO `t_student` VALUES ('2015199', '123456', '张三', '15788888888', '女', '2018-05-28', '1524', '优秀');
INSERT INTO `t_student` VALUES ('2015200', '123456', '张三', '15788888888', '女', '2018-05-28', '1524', '优秀');
INSERT INTO `t_student` VALUES ('2015201', '123456', '张三', '15788888888', '女', '2018-05-28', '1524', '优秀');
INSERT INTO `t_student` VALUES ('2015202', '123456', '张三', '15788888888', '女', '2018-05-28', '1524', '优秀');
INSERT INTO `t_student` VALUES ('2015203', '123456', '张三', '15788888888', '女', '2018-05-28', '1524', '优秀');
INSERT INTO `t_student` VALUES ('2015204', '123456', '张三', '15788888888', '女', '2018-05-28', '1524', '优秀');
INSERT INTO `t_student` VALUES ('2015205', '123456', '张三', '15788888888', '女', '2018-05-28', '1524', '优秀');
INSERT INTO `t_student` VALUES ('2015206', '123456', '张三', '15788888888', '女', '2018-05-28', '1524', '优秀');
INSERT INTO `t_student` VALUES ('2015207', '123456', '张三', '15788888888', '女', '2018-05-28', '1524', '优秀');
INSERT INTO `t_student` VALUES ('2015208', '123456', '张三', '15788888888', '女', '2018-05-28', '1524', '优秀');
INSERT INTO `t_student` VALUES ('2015209', '123456', '张三', '15788888888', '女', '2018-05-28', '1524', '优秀');
INSERT INTO `t_student` VALUES ('2015210', '123456', '张三', '15788888888', '女', '2018-05-28', '1524', '优秀');
INSERT INTO `t_student` VALUES ('2015211', '123456', '张三', '15788888888', '女', '2018-05-28', '1524', '优秀');
INSERT INTO `t_student` VALUES ('2015212', '123456', '张三', '15788888888', '女', '2018-05-28', '1524', '优秀');
INSERT INTO `t_student` VALUES ('2015213', '123456', '张三', '15788888888', '女', '2018-05-28', '1524', '优秀');
INSERT INTO `t_student` VALUES ('2015214', '123456', '张三', '15788888888', '女', '2018-05-28', '1524', '优秀');
INSERT INTO `t_student` VALUES ('2015215', '123456', '张三', '15788888888', '女', '2018-05-28', '1524', '优秀');
INSERT INTO `t_student` VALUES ('2015216', '123456', '张三', '15788888888', '女', '2018-05-28', '1524', '优秀');
INSERT INTO `t_student` VALUES ('2015217', '123456', '张三', '15788888888', '女', '2018-05-28', '1524', '优秀');
INSERT INTO `t_student` VALUES ('2015218', '123456', '张三', '15788888888', '女', '2018-05-28', '1524', '优秀');
INSERT INTO `t_student` VALUES ('2015219', '123456', '张三', '15788888888', '女', '2018-05-28', '1524', '优秀');
INSERT INTO `t_student` VALUES ('2015220', '123456', '张三', '15788888888', '女', '2018-05-28', '1524', '优秀');
INSERT INTO `t_student` VALUES ('2015221', '123456', '张三', '15788888888', '女', '2018-05-28', '1524', '优秀');
INSERT INTO `t_student` VALUES ('2015222', '123456', '张三', '15788888888', '女', '2018-05-28', '1525', '优秀');
INSERT INTO `t_student` VALUES ('2015223', '123456', '张三', '15788888888', '女', '2018-05-28', '1525', '优秀');
INSERT INTO `t_student` VALUES ('2015224', '123456', '张三', '15788888888', '女', '2018-05-28', '1525', '优秀');
INSERT INTO `t_student` VALUES ('2015225', '123456', '张三', '15788888888', '女', '2018-05-28', '1525', '优秀');
INSERT INTO `t_student` VALUES ('2015226', '123456', '张三', '15788888888', '女', '2018-05-28', '1525', '优秀');
INSERT INTO `t_student` VALUES ('2015227', '123456', '张三', '15788888888', '女', '2018-05-28', '1525', '优秀');
INSERT INTO `t_student` VALUES ('2015228', '123456', '张三', '15788888888', '女', '2018-05-28', '1525', '优秀');
INSERT INTO `t_student` VALUES ('2015229', '123456', '张三', '15788888888', '女', '2018-05-28', '1525', '优秀');
INSERT INTO `t_student` VALUES ('2015230', '123456', '张三', '15788888888', '女', '2018-05-28', '1525', '优秀');
INSERT INTO `t_student` VALUES ('2015231', '123456', '张三', '15788888888', '女', '2018-05-28', '1525', '优秀');
INSERT INTO `t_student` VALUES ('2015232', '123456', '张三', '15788888888', '女', '2018-05-28', '1525', '优秀');
INSERT INTO `t_student` VALUES ('2015233', '123456', '张三', '15788888888', '女', '2018-05-28', '1525', '优秀');
INSERT INTO `t_student` VALUES ('2015234', '123456', '张三', '15788888888', '女', '2018-05-28', '1525', '优秀');
INSERT INTO `t_student` VALUES ('2015235', '123456', '张三', '15788888888', '女', '2018-05-28', '1525', '优秀');
INSERT INTO `t_student` VALUES ('2015236', '123456', '张三', '15788888888', '女', '2018-05-28', '1525', '优秀');
INSERT INTO `t_student` VALUES ('2015237', '123456', '张三', '15788888888', '女', '2018-05-28', '1525', '优秀');
INSERT INTO `t_student` VALUES ('2015238', '123456', '张三', '15788888888', '女', '2018-05-28', '1525', '优秀');
INSERT INTO `t_student` VALUES ('2015239', '123456', '张三', '15788888888', '女', '2018-05-28', '1525', '优秀');
INSERT INTO `t_student` VALUES ('2015240', '123456', '张三', '15788888888', '女', '2018-05-28', '1525', '优秀');
INSERT INTO `t_student` VALUES ('2015241', '123456', '张三', '15788888888', '女', '2018-05-28', '1525', '优秀');
INSERT INTO `t_student` VALUES ('2015242', '123456', '张三', '15788888888', '女', '2018-05-28', '1525', '优秀');
INSERT INTO `t_student` VALUES ('2015243', '123456', '张三', '15788888888', '女', '2018-05-28', '1525', '优秀');
INSERT INTO `t_student` VALUES ('2015244', '123456', '张三', '15788888888', '女', '2018-05-28', '1525', '优秀');
INSERT INTO `t_student` VALUES ('2015245', '123456', '张三', '15788888888', '女', '2018-05-28', '1525', '优秀');
INSERT INTO `t_student` VALUES ('2015246', '123456', '张三', '15788888888', '女', '2018-05-28', '1525', '优秀');
INSERT INTO `t_student` VALUES ('2015247', '123456', '张三', '15788888888', '女', '2018-05-28', '1525', '优秀');
INSERT INTO `t_student` VALUES ('2015248', '123456', '张三', '15788888888', '女', '2018-05-28', '1525', '优秀');
INSERT INTO `t_student` VALUES ('2015249', '123456', '张三', '15788888888', '女', '2018-05-28', '1525', '优秀');
INSERT INTO `t_student` VALUES ('2015250', '123456', '张三', '15788888888', '女', '2018-05-28', '1525', '优秀');
INSERT INTO `t_student` VALUES ('2015251', '123456', '张三', '15788888888', '女', '2018-05-28', '1525', '优秀');
INSERT INTO `t_student` VALUES ('2015252', '123456', '张三', '15788888888', '女', '2018-05-28', '1525', '优秀');
INSERT INTO `t_student` VALUES ('2015253', '123456', '张三', '15788888888', '女', '2018-05-28', '1525', '优秀');
INSERT INTO `t_student` VALUES ('2015254', '123456', '张三', '15788888888', '女', '2018-05-28', '1525', '优秀');
INSERT INTO `t_student` VALUES ('2015255', '123456', '张三', '15788888888', '女', '2018-05-28', '1525', '优秀');
INSERT INTO `t_student` VALUES ('2015256', '123456', '张三', '15788888888', '女', '2018-05-28', '1525', '优秀');
INSERT INTO `t_student` VALUES ('2015257', '123456', '张三', '15788888888', '女', '2018-05-28', '1525', '优秀');
INSERT INTO `t_student` VALUES ('2015258', '123456', '张三', '15788888888', '女', '2018-05-28', '1525', '优秀');
INSERT INTO `t_student` VALUES ('2015259', '123456', '张三', '15788888888', '女', '2018-05-28', '1525', '优秀');
INSERT INTO `t_student` VALUES ('2015260', '123456', '张三', '15788888888', '女', '2018-05-28', '1525', '优秀');
INSERT INTO `t_student` VALUES ('2015261', '123456', '张三', '15788888888', '女', '2018-05-28', '1525', '优秀');
INSERT INTO `t_student` VALUES ('2015262', '123456', '张三', '15788888888', '女', '2018-05-28', '1525', '优秀');
INSERT INTO `t_student` VALUES ('2015263', '123456', '张三', '15788888888', '女', '2018-05-28', '1525', '优秀');
INSERT INTO `t_student` VALUES ('2015264', '123456', '张三', '15788888888', '女', '2018-05-28', '1525', '优秀');
INSERT INTO `t_student` VALUES ('2015265', '123456', '张三', '15788888888', '女', '2018-05-28', '1525', '优秀');
INSERT INTO `t_student` VALUES ('2015266', '123456', '李四', '15788888888', '男', '2018-05-28', '1526', '优秀');
INSERT INTO `t_student` VALUES ('2015267', '123456', '李四', '15788888888', '男', '2018-05-28', '1526', '优秀');
INSERT INTO `t_student` VALUES ('2015268', '123456', '李四', '15788888888', '男', '2018-05-28', '1526', '优秀');
INSERT INTO `t_student` VALUES ('2015269', '123456', '李四', '15788888888', '男', '2018-05-28', '1526', '优秀');
INSERT INTO `t_student` VALUES ('2015270', '123456', '李四', '15788888888', '男', '2018-05-28', '1526', '优秀');
INSERT INTO `t_student` VALUES ('2015271', '123456', '李四', '15788888888', '男', '2018-05-28', '1526', '优秀');
INSERT INTO `t_student` VALUES ('2015272', '123456', '李四', '15788888888', '男', '2018-05-28', '1526', '优秀');
INSERT INTO `t_student` VALUES ('2015273', '123456', '李四', '15788888888', '男', '2018-05-28', '1526', '优秀');
INSERT INTO `t_student` VALUES ('2015274', '123456', '李四', '15788888888', '男', '2018-05-28', '1526', '优秀');
INSERT INTO `t_student` VALUES ('2015275', '123456', '李四', '15788888888', '男', '2018-05-28', '1526', '优秀');
INSERT INTO `t_student` VALUES ('2015276', '123456', '李四', '15788888888', '男', '2018-05-28', '1526', '优秀');
INSERT INTO `t_student` VALUES ('2015277', '123456', '李四', '15788888888', '男', '2018-05-28', '1526', '优秀');
INSERT INTO `t_student` VALUES ('2015278', '123456', '李四', '15788888888', '男', '2018-05-28', '1526', '优秀');
INSERT INTO `t_student` VALUES ('2015279', '123456', '李四', '15788888888', '男', '2018-05-28', '1526', '优秀');
INSERT INTO `t_student` VALUES ('2015280', '123456', '李四', '15788888888', '男', '2018-05-28', '1526', '优秀');
INSERT INTO `t_student` VALUES ('2015281', '123456', '李四', '15788888888', '男', '2018-05-28', '1526', '优秀');
INSERT INTO `t_student` VALUES ('2015282', '123456', '李四', '15788888888', '男', '2018-05-28', '1526', '优秀');
INSERT INTO `t_student` VALUES ('2015283', '123456', '李四', '15788888888', '男', '2018-05-28', '1526', '优秀');
INSERT INTO `t_student` VALUES ('2015284', '123456', '李四', '15788888888', '男', '2018-05-28', '1526', '优秀');
INSERT INTO `t_student` VALUES ('2015285', '123456', '李四', '15788888888', '男', '2018-05-28', '1526', '优秀');
INSERT INTO `t_student` VALUES ('2015286', '123456', '李四', '15788888888', '男', '2018-05-28', '1526', '优秀');
INSERT INTO `t_student` VALUES ('2015287', '123456', '李四', '15788888888', '男', '2018-05-28', '1526', '优秀');
INSERT INTO `t_student` VALUES ('2015288', '123456', '李四', '15788888888', '男', '2018-05-28', '1526', '优秀');
INSERT INTO `t_student` VALUES ('2015289', '123456', '李四', '15788888888', '男', '2018-05-28', '1526', '优秀');
INSERT INTO `t_student` VALUES ('2015290', '123456', '李四', '15788888888', '男', '2018-05-28', '1526', '优秀');
INSERT INTO `t_student` VALUES ('2015291', '123456', '李四', '15788888888', '男', '2018-05-28', '1526', '优秀');
INSERT INTO `t_student` VALUES ('2015292', '123456', '李四', '15788888888', '男', '2018-05-28', '1526', '优秀');
INSERT INTO `t_student` VALUES ('2015293', '123456', '李四', '15788888888', '男', '2018-05-28', '1526', '优秀');
INSERT INTO `t_student` VALUES ('2015294', '123456', '李四', '15788888888', '男', '2018-05-28', '1526', '优秀');
INSERT INTO `t_student` VALUES ('2015295', '123456', '李四', '15788888888', '男', '2018-05-28', '1526', '优秀');
INSERT INTO `t_student` VALUES ('2015296', '123456', '李四', '15788888888', '男', '2018-05-28', '1526', '优秀');
INSERT INTO `t_student` VALUES ('2015297', '123456', '李四', '15788888888', '男', '2018-05-28', '1526', '优秀');
INSERT INTO `t_student` VALUES ('2015298', '123456', '李四', '15788888888', '男', '2018-05-28', '1526', '优秀');
INSERT INTO `t_student` VALUES ('2015299', '123456', '李四', '15788888888', '男', '2018-05-28', '1526', '优秀');
INSERT INTO `t_student` VALUES ('2015300', '123456', '李四', '15788888888', '男', '2018-05-28', '1526', '优秀');
INSERT INTO `t_student` VALUES ('2015301', '123456', '李四', '15788888888', '男', '2018-05-28', '1526', '优秀');
INSERT INTO `t_student` VALUES ('2015302', '123456', '李四', '15788888888', '男', '2018-05-28', '1526', '优秀');
INSERT INTO `t_student` VALUES ('2015303', '123456', '李四', '15788888888', '男', '2018-05-28', '1526', '优秀');
INSERT INTO `t_student` VALUES ('2015304', '123456', '李四', '15788888888', '男', '2018-05-28', '1526', '优秀');
INSERT INTO `t_student` VALUES ('2015305', '123456', '李四', '15788888888', '男', '2018-05-28', '1526', '优秀');
INSERT INTO `t_student` VALUES ('2015306', '123456', '李四', '15788888888', '男', '2018-05-28', '1526', '优秀');
INSERT INTO `t_student` VALUES ('2015307', '123456', '李四', '15788888888', '男', '2018-05-28', '1526', '优秀');
INSERT INTO `t_student` VALUES ('2015308', '123456', '李四', '15788888888', '男', '2018-05-28', '1526', '优秀');
INSERT INTO `t_student` VALUES ('2015309', '123456', '李四', '15788888888', '男', '2018-05-28', '1526', '优秀');
INSERT INTO `t_student` VALUES ('2015310', '123456', '李四', '15788888888', '男', '2018-05-28', '1527', '优秀');
INSERT INTO `t_student` VALUES ('2015311', '123456', '李四', '15788888888', '男', '2018-05-28', '1527', '优秀');
INSERT INTO `t_student` VALUES ('2015312', '123456', '李四', '15788888888', '男', '2018-05-28', '1527', '优秀');
INSERT INTO `t_student` VALUES ('2015313', '123456', '李四', '15788888888', '男', '2018-05-28', '1527', '优秀');
INSERT INTO `t_student` VALUES ('2015314', '123456', '李四', '15788888888', '男', '2018-05-28', '1527', '优秀');
INSERT INTO `t_student` VALUES ('2015315', '123456', '李四', '15788888888', '男', '2018-05-28', '1527', '优秀');
INSERT INTO `t_student` VALUES ('2015316', '123456', '李四', '15788888888', '男', '2018-05-28', '1527', '优秀');
INSERT INTO `t_student` VALUES ('2015317', '123456', '李四', '15788888888', '男', '2018-05-28', '1527', '优秀');
INSERT INTO `t_student` VALUES ('2015318', '123456', '李四', '15788888888', '男', '2018-05-28', '1527', '优秀');
INSERT INTO `t_student` VALUES ('2015319', '123456', '李四', '15788888888', '男', '2018-05-28', '1527', '优秀');
INSERT INTO `t_student` VALUES ('2015320', '123456', '李四', '15788888888', '男', '2018-05-28', '1527', '优秀');
INSERT INTO `t_student` VALUES ('2015321', '123456', '李四', '15788888888', '男', '2018-05-28', '1527', '优秀');
INSERT INTO `t_student` VALUES ('2015322', '123456', '李四', '15788888888', '男', '2018-05-28', '1527', '优秀');
INSERT INTO `t_student` VALUES ('2015323', '123456', '李四', '15788888888', '男', '2018-05-28', '1527', '优秀');
INSERT INTO `t_student` VALUES ('2015324', '123456', '李四', '15788888888', '男', '2018-05-28', '1527', '优秀');
INSERT INTO `t_student` VALUES ('2015325', '123456', '李四', '15788888888', '男', '2018-05-28', '1527', '优秀');
INSERT INTO `t_student` VALUES ('2015326', '123456', '李四', '15788888888', '男', '2018-05-28', '1527', '优秀');
INSERT INTO `t_student` VALUES ('2015327', '123456', '李四', '15788888888', '男', '2018-05-28', '1527', '优秀');
INSERT INTO `t_student` VALUES ('2015328', '123456', '李四', '15788888888', '男', '2018-05-28', '1527', '优秀');
INSERT INTO `t_student` VALUES ('2015329', '123456', '李四', '15788888888', '男', '2018-05-28', '1527', '优秀');
INSERT INTO `t_student` VALUES ('2015330', '123456', '李四', '15788888888', '男', '2018-05-28', '1527', '优秀');
INSERT INTO `t_student` VALUES ('2015331', '123456', '李四', '15788888888', '男', '2018-05-28', '1527', '优秀');
INSERT INTO `t_student` VALUES ('2015332', '123456', '李四', '15788888888', '男', '2018-05-28', '1527', '优秀');
INSERT INTO `t_student` VALUES ('2015333', '123456', '李四', '15788888888', '男', '2018-05-28', '1527', '优秀');
INSERT INTO `t_student` VALUES ('2015334', '123456', '李四', '15788888888', '男', '2018-05-28', '1527', '优秀');
INSERT INTO `t_student` VALUES ('2015335', '123456', '李四', '15788888888', '男', '2018-05-28', '1527', '优秀');
INSERT INTO `t_student` VALUES ('2015336', '123456', '李四', '15788888888', '男', '2018-05-28', '1527', '优秀');
INSERT INTO `t_student` VALUES ('2015337', '123456', '李四', '15788888888', '男', '2018-05-28', '1527', '优秀');
INSERT INTO `t_student` VALUES ('2015338', '123456', '李四', '15788888888', '男', '2018-05-28', '1527', '优秀');
INSERT INTO `t_student` VALUES ('2015339', '123456', '李四', '15788888888', '男', '2018-05-28', '1527', '优秀');
INSERT INTO `t_student` VALUES ('2015340', '123456', '李四', '15788888888', '男', '2018-05-28', '1527', '优秀');
INSERT INTO `t_student` VALUES ('2015341', '123456', '李四', '15788888888', '男', '2018-05-28', '1527', '优秀');
INSERT INTO `t_student` VALUES ('2015342', '123456', '李四', '15788888888', '男', '2018-05-28', '1527', '优秀');
INSERT INTO `t_student` VALUES ('2015343', '123456', '李四', '15788888888', '男', '2018-05-28', '1527', '优秀');
INSERT INTO `t_student` VALUES ('2015344', '123456', '李四', '15788888888', '男', '2018-05-28', '1527', '优秀');
INSERT INTO `t_student` VALUES ('2015345', '123456', '李四', '15788888888', '男', '2018-05-28', '1527', '优秀');
INSERT INTO `t_student` VALUES ('2015346', '123456', '李四', '15788888888', '男', '2018-05-28', '1527', '优秀');
INSERT INTO `t_student` VALUES ('2015347', '123456', '李四', '15788888888', '男', '2018-05-28', '1527', '优秀');
INSERT INTO `t_student` VALUES ('2015348', '123456', '李四', '15788888888', '男', '2018-05-28', '1527', '优秀');
INSERT INTO `t_student` VALUES ('2015349', '123456', '李四', '15788888888', '男', '2018-05-28', '1527', '优秀');
INSERT INTO `t_student` VALUES ('2015350', '123456', '李四', '15788888888', '男', '2018-05-28', '1527', '优秀');
INSERT INTO `t_student` VALUES ('2015351', '123456', '李四', '15788888888', '男', '2018-05-28', '1527', '优秀');
INSERT INTO `t_student` VALUES ('2015352', '123456', '李四', '15788888888', '男', '2018-05-28', '1527', '优秀');
INSERT INTO `t_student` VALUES ('2015353', '123456', '李四', '15788888888', '男', '2018-05-28', '1527', '优秀');
INSERT INTO `t_student` VALUES ('2015354', '123456', '李四', '15788888888', '男', '2018-05-28', '1528', '优秀');
INSERT INTO `t_student` VALUES ('2015355', '123456', '李四', '15788888888', '男', '2018-05-28', '1528', '优秀');
INSERT INTO `t_student` VALUES ('2015356', '123456', '李四', '15788888888', '男', '2018-05-28', '1528', '优秀');
INSERT INTO `t_student` VALUES ('2015357', '123456', '李四', '15788888888', '男', '2018-05-28', '1528', '优秀');
INSERT INTO `t_student` VALUES ('2015358', '123456', '李四', '15788888888', '男', '2018-05-28', '1528', '优秀');
INSERT INTO `t_student` VALUES ('2015359', '123456', '李四', '15788888888', '男', '2018-05-28', '1528', '优秀');
INSERT INTO `t_student` VALUES ('2015360', '123456', '李四', '15788888888', '男', '2018-05-28', '1528', '优秀');
INSERT INTO `t_student` VALUES ('2015361', '123456', '李四', '15788888888', '男', '2018-05-28', '1528', '优秀');
INSERT INTO `t_student` VALUES ('2015362', '123456', '李四', '15788888888', '男', '2018-05-28', '1528', '优秀');
INSERT INTO `t_student` VALUES ('2015363', '123456', '李四', '15788888888', '男', '2018-05-28', '1528', '优秀');
INSERT INTO `t_student` VALUES ('2015364', '123456', '李四', '15788888888', '男', '2018-05-28', '1528', '优秀');
INSERT INTO `t_student` VALUES ('2015365', '123456', '李四', '15788888888', '男', '2018-05-28', '1528', '优秀');
INSERT INTO `t_student` VALUES ('2015366', '123456', '李四', '15788888888', '男', '2018-05-28', '1528', '优秀');
INSERT INTO `t_student` VALUES ('2015367', '123456', '李四', '15788888888', '男', '2018-05-28', '1528', '优秀');
INSERT INTO `t_student` VALUES ('2015368', '123456', '李四', '15788888888', '男', '2018-05-28', '1528', '优秀');
INSERT INTO `t_student` VALUES ('2015369', '123456', '李四', '15788888888', '男', '2018-05-28', '1528', '优秀');
INSERT INTO `t_student` VALUES ('2015370', '123456', '李四', '15788888888', '男', '2018-05-28', '1528', '优秀');
INSERT INTO `t_student` VALUES ('2015371', '123456', '李四', '15788888888', '男', '2018-05-28', '1528', '优秀');
INSERT INTO `t_student` VALUES ('2015372', '123456', '李四', '15788888888', '男', '2018-05-28', '1528', '优秀');
INSERT INTO `t_student` VALUES ('2015373', '123456', '李四', '15788888888', '男', '2018-05-28', '1528', '优秀');
INSERT INTO `t_student` VALUES ('2015374', '123456', '李四', '15788888888', '男', '2018-05-28', '1528', '优秀');
INSERT INTO `t_student` VALUES ('2015375', '123456', '李四', '15788888888', '男', '2018-05-28', '1528', '优秀');
INSERT INTO `t_student` VALUES ('2015376', '123456', '李四', '15788888888', '男', '2018-05-28', '1528', '优秀');
INSERT INTO `t_student` VALUES ('2015377', '123456', '李四', '15788888888', '男', '2018-05-28', '1528', '优秀');
INSERT INTO `t_student` VALUES ('2015378', '123456', '李四', '15788888888', '男', '2018-05-28', '1528', '优秀');
INSERT INTO `t_student` VALUES ('2015379', '123456', '李四', '15788888888', '男', '2018-05-28', '1528', '优秀');
INSERT INTO `t_student` VALUES ('2015380', '123456', '李四', '15788888888', '男', '2018-05-28', '1528', '优秀');
INSERT INTO `t_student` VALUES ('2015381', '123456', '李四', '15788888888', '男', '2018-05-28', '1528', '优秀');
INSERT INTO `t_student` VALUES ('2015382', '123456', '李四', '15788888888', '男', '2018-05-28', '1528', '优秀');
INSERT INTO `t_student` VALUES ('2015383', '123456', '李四', '15788888888', '男', '2018-05-28', '1528', '优秀');
INSERT INTO `t_student` VALUES ('2015384', '123456', '李四', '15788888888', '男', '2018-05-28', '1528', '优秀');
INSERT INTO `t_student` VALUES ('2015385', '123456', '李四', '15788888888', '男', '2018-05-28', '1528', '优秀');
INSERT INTO `t_student` VALUES ('2015386', '123456', '李四', '15788888888', '男', '2018-05-28', '1528', '优秀');
INSERT INTO `t_student` VALUES ('2015387', '123456', '李四', '15788888888', '男', '2018-05-28', '1528', '优秀');
INSERT INTO `t_student` VALUES ('2015388', '123456', '李四', '15788888888', '男', '2018-05-28', '1528', '优秀');
INSERT INTO `t_student` VALUES ('2015389', '123456', '李四', '15788888888', '男', '2018-05-28', '1528', '优秀');
INSERT INTO `t_student` VALUES ('2015390', '123456', '李四', '15788888888', '男', '2018-05-28', '1528', '优秀');
INSERT INTO `t_student` VALUES ('2015391', '123456', '李四', '15788888888', '男', '2018-05-28', '1528', '优秀');
INSERT INTO `t_student` VALUES ('2015392', '123456', '李四', '15788888888', '男', '2018-05-28', '1528', '优秀');
INSERT INTO `t_student` VALUES ('2015393', '123456', '李四', '15788888888', '男', '2018-05-28', '1528', '优秀');
INSERT INTO `t_student` VALUES ('2015394', '123456', '李四', '15788888888', '男', '2018-05-28', '1528', '优秀');
INSERT INTO `t_student` VALUES ('2015395', '123456', '李四', '15788888888', '男', '2018-05-28', '1528', '优秀');
INSERT INTO `t_student` VALUES ('2015396', '123456', '李四', '15788888888', '男', '2018-05-28', '1528', '优秀');
INSERT INTO `t_student` VALUES ('2015397', '123456', '李四', '15788888888', '男', '2018-05-28', '1528', '优秀');
INSERT INTO `t_student` VALUES ('2015398', '123456', '李四', '15788888888', '男', '2018-05-28', '1529', '优秀');
INSERT INTO `t_student` VALUES ('2015399', '123456', '李四', '15788888888', '男', '2018-05-28', '1529', '优秀');
INSERT INTO `t_student` VALUES ('2015400', '123456', '李四', '15788888888', '男', '2018-05-28', '1529', '优秀');
INSERT INTO `t_student` VALUES ('2015401', '123456', '李四', '15788888888', '男', '2018-05-28', '1529', '优秀');
INSERT INTO `t_student` VALUES ('2015402', '123456', '李四', '15788888888', '男', '2018-05-28', '1529', '优秀');
INSERT INTO `t_student` VALUES ('2015403', '123456', '李四', '15788888888', '男', '2018-05-28', '1529', '优秀');
INSERT INTO `t_student` VALUES ('2015404', '123456', '李四', '15788888888', '男', '2018-05-28', '1529', '优秀');
INSERT INTO `t_student` VALUES ('2015405', '123456', '李四', '15788888888', '男', '2018-05-28', '1529', '优秀');
INSERT INTO `t_student` VALUES ('2015406', '123456', '李四', '15788888888', '男', '2018-05-28', '1529', '优秀');
INSERT INTO `t_student` VALUES ('2015407', '123456', '李四', '15788888888', '男', '2018-05-28', '1529', '优秀');
INSERT INTO `t_student` VALUES ('2015408', '123456', '李四', '15788888888', '男', '2018-05-28', '1529', '优秀');
INSERT INTO `t_student` VALUES ('2015409', '123456', '李四', '15788888888', '男', '2018-05-28', '1529', '优秀');
INSERT INTO `t_student` VALUES ('2015410', '123456', '李四', '15788888888', '男', '2018-05-28', '1529', '优秀');
INSERT INTO `t_student` VALUES ('2015411', '123456', '李四', '15788888888', '男', '2018-05-28', '1529', '优秀');
INSERT INTO `t_student` VALUES ('2015412', '123456', '李四', '15788888888', '男', '2018-05-28', '1529', '优秀');
INSERT INTO `t_student` VALUES ('2015413', '123456', '李四', '15788888888', '男', '2018-05-28', '1529', '优秀');
INSERT INTO `t_student` VALUES ('2015414', '123456', '李四', '15788888888', '男', '2018-05-28', '1529', '优秀');
INSERT INTO `t_student` VALUES ('2015415', '123456', '李四', '15788888888', '男', '2018-05-28', '1529', '优秀');
INSERT INTO `t_student` VALUES ('2015416', '123456', '李四', '15788888888', '男', '2018-05-28', '1529', '优秀');
INSERT INTO `t_student` VALUES ('2015417', '123456', '李四', '15788888888', '男', '2018-05-28', '1529', '优秀');
INSERT INTO `t_student` VALUES ('2015418', '123456', '李四', '15788888888', '男', '2018-05-28', '1529', '优秀');
INSERT INTO `t_student` VALUES ('2015419', '123456', '李四', '15788888888', '男', '2018-05-28', '1529', '优秀');
INSERT INTO `t_student` VALUES ('2015420', '123456', '李四', '15788888888', '男', '2018-05-28', '1529', '优秀');
INSERT INTO `t_student` VALUES ('2015421', '123456', '李四', '15788888888', '男', '2018-05-28', '1529', '优秀');
INSERT INTO `t_student` VALUES ('2015422', '123456', '李四', '15788888888', '男', '2018-05-28', '1529', '优秀');
INSERT INTO `t_student` VALUES ('2015423', '123456', '李四', '15788888888', '男', '2018-05-28', '1529', '优秀');
INSERT INTO `t_student` VALUES ('2015424', '123456', '李四', '15788888888', '男', '2018-05-28', '1529', '优秀');
INSERT INTO `t_student` VALUES ('2015425', '123456', '李四', '15788888888', '男', '2018-05-28', '1529', '优秀');
INSERT INTO `t_student` VALUES ('2015426', '123456', '李四', '15788888888', '男', '2018-05-28', '1529', '优秀');
INSERT INTO `t_student` VALUES ('2015427', '123456', '李四', '15788888888', '男', '2018-05-28', '1529', '优秀');
INSERT INTO `t_student` VALUES ('2015428', '123456', '李四', '15788888888', '男', '2018-05-28', '1529', '优秀');
INSERT INTO `t_student` VALUES ('2015429', '123456', '李四', '15788888888', '男', '2018-05-28', '1529', '优秀');
INSERT INTO `t_student` VALUES ('2015430', '123456', '李四', '15788888888', '男', '2018-05-28', '1529', '优秀');
INSERT INTO `t_student` VALUES ('2015431', '123456', '李四', '15788888888', '男', '2018-05-28', '1529', '优秀');
INSERT INTO `t_student` VALUES ('2015432', '123456', '李四', '15788888888', '男', '2018-05-28', '1529', '优秀');
INSERT INTO `t_student` VALUES ('2015433', '123456', '李四', '15788888888', '男', '2018-05-28', '1529', '优秀');
INSERT INTO `t_student` VALUES ('2015434', '123456', '李四', '15788888888', '男', '2018-05-28', '1529', '优秀');
INSERT INTO `t_student` VALUES ('2015435', '123456', '李四', '15788888888', '男', '2018-05-28', '1529', '优秀');
INSERT INTO `t_student` VALUES ('2015436', '123456', '李四', '15788888888', '男', '2018-05-28', '1529', '优秀');
INSERT INTO `t_student` VALUES ('2015437', '123456', '李四', '15788888888', '男', '2018-05-28', '1529', '优秀');
INSERT INTO `t_student` VALUES ('2015438', '123456', '李四', '15788888888', '男', '2018-05-28', '1529', '优秀');
INSERT INTO `t_student` VALUES ('2015439', '123456', '李四', '15788888888', '男', '2018-05-28', '1529', '优秀');
INSERT INTO `t_student` VALUES ('2015440', '123456', '李四', '15788888888', '男', '2018-05-28', '1529', '优秀');
INSERT INTO `t_student` VALUES ('2015441', '123456', '李四', '15788888888', '男', '2018-05-28', '1529', '优秀');
INSERT INTO `t_student` VALUES ('2015442', '123456', '李四', '15788888888', '男', '2018-05-28', '1530', '优秀');
INSERT INTO `t_student` VALUES ('2015443', '123456', '李四', '15788888888', '男', '2018-05-28', '1530', '优秀');
INSERT INTO `t_student` VALUES ('2015444', '123456', '李四', '15788888888', '男', '2018-05-28', '1530', '优秀');
INSERT INTO `t_student` VALUES ('2015445', '123456', '李四', '15788888888', '男', '2018-05-28', '1530', '优秀');
INSERT INTO `t_student` VALUES ('2015446', '123456', '李四', '15788888888', '男', '2018-05-28', '1530', '优秀');
INSERT INTO `t_student` VALUES ('2015447', '123456', '李四', '15788888888', '男', '2018-05-28', '1530', '优秀');
INSERT INTO `t_student` VALUES ('2015448', '123456', '李四', '15788888888', '男', '2018-05-28', '1530', '优秀');
INSERT INTO `t_student` VALUES ('2015449', '123456', '李四', '15788888888', '男', '2018-05-28', '1530', '优秀');
INSERT INTO `t_student` VALUES ('2015450', '123456', '李四', '15788888888', '男', '2018-05-28', '1530', '优秀');
INSERT INTO `t_student` VALUES ('2015451', '123456', '李四', '15788888888', '男', '2018-05-28', '1530', '优秀');
INSERT INTO `t_student` VALUES ('2015452', '123456', '李四', '15788888888', '男', '2018-05-28', '1530', '优秀');
INSERT INTO `t_student` VALUES ('2015453', '123456', '李四', '15788888888', '男', '2018-05-28', '1530', '优秀');
INSERT INTO `t_student` VALUES ('2015454', '123456', '李四', '15788888888', '男', '2018-05-28', '1530', '优秀');
INSERT INTO `t_student` VALUES ('2015455', '123456', '李四', '15788888888', '男', '2018-05-28', '1530', '优秀');
INSERT INTO `t_student` VALUES ('2015456', '123456', '李四', '15788888888', '男', '2018-05-28', '1530', '优秀');
INSERT INTO `t_student` VALUES ('2015457', '123456', '李四', '15788888888', '男', '2018-05-28', '1530', '优秀');
INSERT INTO `t_student` VALUES ('2015458', '123456', '李四', '15788888888', '男', '2018-05-28', '1530', '优秀');
INSERT INTO `t_student` VALUES ('2015459', '123456', '李四', '15788888888', '男', '2018-05-28', '1530', '优秀');
INSERT INTO `t_student` VALUES ('2015460', '123456', '李四', '15788888888', '男', '2018-05-28', '1530', '优秀');
INSERT INTO `t_student` VALUES ('2015461', '123456', '李四', '15788888888', '男', '2018-05-28', '1530', '优秀');
INSERT INTO `t_student` VALUES ('2015462', '123456', '李四', '15788888888', '男', '2018-05-28', '1530', '优秀');
INSERT INTO `t_student` VALUES ('2015463', '123456', '李四', '15788888888', '男', '2018-05-28', '1530', '优秀');
INSERT INTO `t_student` VALUES ('2015464', '123456', '李四', '15788888888', '男', '2018-05-28', '1530', '优秀');
INSERT INTO `t_student` VALUES ('2015465', '123456', '李四', '15788888888', '男', '2018-05-28', '1530', '优秀');
INSERT INTO `t_student` VALUES ('2015466', '123456', '李四', '15788888888', '男', '2018-05-28', '1530', '优秀');
INSERT INTO `t_student` VALUES ('2015467', '123456', '李四', '15788888888', '男', '2018-05-28', '1530', '优秀');
INSERT INTO `t_student` VALUES ('2015468', '123456', '李四', '15788888888', '男', '2018-05-28', '1530', '优秀');
INSERT INTO `t_student` VALUES ('2015469', '123456', '李四', '15788888888', '男', '2018-05-28', '1530', '优秀');
INSERT INTO `t_student` VALUES ('2015470', '123456', '李四', '15788888888', '男', '2018-05-28', '1530', '优秀');
INSERT INTO `t_student` VALUES ('2015471', '123456', '李四', '15788888888', '男', '2018-05-28', '1530', '优秀');
INSERT INTO `t_student` VALUES ('2015472', '123456', '李四', '15788888888', '男', '2018-05-28', '1530', '优秀');
INSERT INTO `t_student` VALUES ('2015473', '123456', '李四', '15788888888', '男', '2018-05-28', '1530', '优秀');
INSERT INTO `t_student` VALUES ('2015474', '123456', '李四', '15788888888', '男', '2018-05-28', '1530', '优秀');
INSERT INTO `t_student` VALUES ('2015475', '123456', '李四', '15788888888', '男', '2018-05-28', '1530', '优秀');
INSERT INTO `t_student` VALUES ('2015476', '123456', '李四', '15788888888', '男', '2018-05-28', '1530', '优秀');
INSERT INTO `t_student` VALUES ('2015477', '123456', '李四', '15788888888', '男', '2018-05-28', '1530', '优秀');
INSERT INTO `t_student` VALUES ('2015478', '123456', '李四', '15788888888', '男', '2018-05-28', '1530', '优秀');
INSERT INTO `t_student` VALUES ('2015479', '123456', '李四', '15788888888', '男', '2018-05-28', '1530', '优秀');
INSERT INTO `t_student` VALUES ('2015480', '123456', '李四', '15788888888', '男', '2018-05-28', '1530', '优秀');
INSERT INTO `t_student` VALUES ('2015481', '123456', '李四', '15788888888', '男', '2018-05-28', '1530', '优秀');
INSERT INTO `t_student` VALUES ('2015482', '123456', '李四', '15788888888', '男', '2018-05-28', '1530', '优秀');
INSERT INTO `t_student` VALUES ('2015483', '123456', '李四', '15788888888', '男', '2018-05-28', '1530', '优秀');
INSERT INTO `t_student` VALUES ('2015484', '123456', '李四', '15788888888', '男', '2018-05-28', '1530', '优秀');
INSERT INTO `t_student` VALUES ('2015485', '123456', '李四', '15788888888', '男', '2018-05-28', '1530', '优秀');
INSERT INTO `t_student` VALUES ('2015486', '123456', '李四', '15788888888', '男', '2018-05-28', '1531', '优秀');
INSERT INTO `t_student` VALUES ('2015487', '123456', '李四', '15788888888', '男', '2018-05-28', '1531', '优秀');
INSERT INTO `t_student` VALUES ('2015488', '123456', '李四', '15788888888', '男', '2018-05-28', '1531', '优秀');
INSERT INTO `t_student` VALUES ('2015489', '123456', '李四', '15788888888', '男', '2018-05-28', '1531', '优秀');
INSERT INTO `t_student` VALUES ('2015490', '123456', '李四', '15788888888', '男', '2018-05-28', '1531', '优秀');
INSERT INTO `t_student` VALUES ('2015491', '123456', '李四', '15788888888', '男', '2018-05-28', '1531', '优秀');
INSERT INTO `t_student` VALUES ('2015492', '123456', '李四', '15788888888', '男', '2018-05-28', '1531', '优秀');
INSERT INTO `t_student` VALUES ('2015493', '123456', '李四', '15788888888', '男', '2018-05-28', '1531', '优秀');
INSERT INTO `t_student` VALUES ('2015494', '123456', '李四', '15788888888', '男', '2018-05-28', '1531', '优秀');
INSERT INTO `t_student` VALUES ('2015495', '123456', '李四', '15788888888', '男', '2018-05-28', '1531', '优秀');
INSERT INTO `t_student` VALUES ('2015496', '123456', '李四', '15788888888', '男', '2018-05-28', '1531', '优秀');
INSERT INTO `t_student` VALUES ('2015497', '123456', '李四', '15788888888', '男', '2018-05-28', '1531', '优秀');
INSERT INTO `t_student` VALUES ('2015498', '123456', '李四', '15788888888', '男', '2018-05-28', '1531', '优秀');
INSERT INTO `t_student` VALUES ('2015499', '123456', '李四', '15788888888', '男', '2018-05-28', '1531', '优秀');
INSERT INTO `t_student` VALUES ('2015500', '123456', '李四', '15788888888', '男', '2018-05-28', '1531', '优秀');
INSERT INTO `t_student` VALUES ('2015501', '123456', '李四', '15788888888', '男', '2018-05-28', '1531', '优秀');
INSERT INTO `t_student` VALUES ('2015502', '123456', '李四', '15788888888', '男', '2018-05-28', '1531', '优秀');
INSERT INTO `t_student` VALUES ('2015503', '123456', '李四', '15788888888', '男', '2018-05-28', '1531', '优秀');
INSERT INTO `t_student` VALUES ('2015504', '123456', '李四', '15788888888', '男', '2018-05-28', '1531', '优秀');
INSERT INTO `t_student` VALUES ('2015505', '123456', '李四', '15788888888', '男', '2018-05-28', '1531', '优秀');
INSERT INTO `t_student` VALUES ('2015506', '123456', '李四', '15788888888', '男', '2018-05-28', '1531', '优秀');
INSERT INTO `t_student` VALUES ('2015507', '123456', '李四', '15788888888', '男', '2018-05-28', '1531', '优秀');
INSERT INTO `t_student` VALUES ('2015508', '123456', '李四', '15788888888', '男', '2018-05-28', '1531', '优秀');
INSERT INTO `t_student` VALUES ('2015509', '123456', '李四', '15788888888', '男', '2018-05-28', '1531', '优秀');
INSERT INTO `t_student` VALUES ('2015510', '123456', '李四', '15788888888', '男', '2018-05-28', '1531', '优秀');
INSERT INTO `t_student` VALUES ('2015511', '123456', '李四', '15788888888', '男', '2018-05-28', '1531', '优秀');
INSERT INTO `t_student` VALUES ('2015512', '123456', '李四', '15788888888', '男', '2018-05-28', '1531', '优秀');
INSERT INTO `t_student` VALUES ('2015513', '123456', '李四', '15788888888', '男', '2018-05-28', '1531', '优秀');
INSERT INTO `t_student` VALUES ('2015514', '123456', '李四', '15788888888', '男', '2018-05-28', '1531', '优秀');
INSERT INTO `t_student` VALUES ('2015515', '123456', '李四', '15788888888', '男', '2018-05-28', '1531', '优秀');
INSERT INTO `t_student` VALUES ('2015516', '123456', '李四', '15788888888', '男', '2018-05-28', '1531', '优秀');
INSERT INTO `t_student` VALUES ('2015517', '123456', '李四', '15788888888', '男', '2018-05-28', '1531', '优秀');
INSERT INTO `t_student` VALUES ('2015518', '123456', '李四', '15788888888', '男', '2018-05-28', '1531', '优秀');
INSERT INTO `t_student` VALUES ('2015519', '123456', '李四', '15788888888', '男', '2018-05-28', '1531', '优秀');
INSERT INTO `t_student` VALUES ('2015520', '123456', '李四', '15788888888', '男', '2018-05-28', '1531', '优秀');
INSERT INTO `t_student` VALUES ('2015521', '123456', '李四', '15788888888', '男', '2018-05-28', '1531', '优秀');
INSERT INTO `t_student` VALUES ('2015522', '123456', '李四', '15788888888', '男', '2018-05-28', '1531', '优秀');
INSERT INTO `t_student` VALUES ('2015523', '123456', '李四', '15788888888', '男', '2018-05-28', '1531', '优秀');
INSERT INTO `t_student` VALUES ('2015524', '123456', '李四', '15788888888', '男', '2018-05-28', '1531', '优秀');
INSERT INTO `t_student` VALUES ('2015525', '123456', '李四', '15788888888', '男', '2018-05-28', '1531', '优秀');
INSERT INTO `t_student` VALUES ('2015526', '123456', '李四', '15788888888', '男', '2018-05-28', '1531', '优秀');
INSERT INTO `t_student` VALUES ('2015527', '123456', '李四', '15788888888', '男', '2018-05-28', '1531', '优秀');
INSERT INTO `t_student` VALUES ('2015528', '123456', '李四', '15788888888', '男', '2018-05-28', '1531', '优秀');
INSERT INTO `t_student` VALUES ('2015529', '123456', '李四', '15788888888', '男', '2018-05-28', '1531', '优秀');
INSERT INTO `t_student` VALUES ('2015530', '123456', '李四', '15788888888', '男', '2018-05-28', '1531', '优秀');
INSERT INTO `t_student` VALUES ('2015531', '123456', '李四', '15788888888', '男', '2018-05-28', '1531', '优秀');
INSERT INTO `t_student` VALUES ('2015532', '123456', '李四', '15788888888', '男', '2018-05-28', '1531', '优秀');
INSERT INTO `t_student` VALUES ('2015533', '123456', '李四', '15788888888', '男', '2018-05-28', '1531', '优秀');
INSERT INTO `t_student` VALUES ('2015534', '123456', '李四', '15788888888', '男', '2018-05-28', '1531', '优秀');
INSERT INTO `t_student` VALUES ('2015535', '123456', '李四', '15788888888', '男', '2018-05-28', '1531', '优秀');
INSERT INTO `t_student` VALUES ('2015536', '123456', '李四', '15788888888', '男', '2018-05-28', '1531', '优秀');
INSERT INTO `t_student` VALUES ('2015537', '123456', '李四', '15788888888', '男', '2018-05-28', '1531', '优秀');
INSERT INTO `t_student` VALUES ('2015538', '123456', '李四', '15788888888', '男', '2018-05-28', '1531', '优秀');
INSERT INTO `t_student` VALUES ('2015539', '123456', '李四', '15788888888', '男', '2018-05-28', '1531', '优秀');
INSERT INTO `t_student` VALUES ('2015540', '123456', '李四', '15788888888', '男', '2018-05-28', '1531', '优秀');
INSERT INTO `t_student` VALUES ('2015541', '123456', '李四', '15788888888', '男', '2018-05-28', '1531', '优秀');
INSERT INTO `t_student` VALUES ('2015542', '123456', '李四', '15788888888', '男', '2018-05-28', '1531', '优秀');
INSERT INTO `t_student` VALUES ('2015543', '123456', '李四', '15788888888', '男', '2018-05-28', '1531', '优秀');
INSERT INTO `t_student` VALUES ('2015544', '123456', '李四', '15788888888', '男', '2018-05-28', '1531', '优秀');
INSERT INTO `t_student` VALUES ('2015545', '123456', '李四', '15788888888', '男', '2018-05-28', '1531', '优秀');
INSERT INTO `t_student` VALUES ('2015546', '123456', '李四', '15788888888', '男', '2018-05-28', '1531', '优秀');
INSERT INTO `t_student` VALUES ('2015547', '123456', '李四', '15788888888', '男', '2018-05-28', '1531', '优秀');
INSERT INTO `t_student` VALUES ('2015548', '123456', '李四', '15788888888', '男', '2018-05-28', '1531', '优秀');
INSERT INTO `t_student` VALUES ('2015549', '123456', '李四', '15788888888', '男', '2018-05-28', '1531', '优秀');
INSERT INTO `t_student` VALUES ('2015550', '123456', '李四', '15788888888', '男', '2018-05-28', '1531', '优秀');
INSERT INTO `t_student` VALUES ('2015551', '123456', '李四', '15788888888', '男', '2018-05-28', '1531', '优秀');
INSERT INTO `t_student` VALUES ('2015552', '123456', '李四', '15788888888', '男', '2018-05-28', '1531', '优秀');
INSERT INTO `t_student` VALUES ('2015553', '123456', '李四', '15788888888', '男', '2018-05-28', '1531', '优秀');
INSERT INTO `t_student` VALUES ('2015554', '123456', '李四', '15788888888', '男', '2018-05-28', '1531', '优秀');
INSERT INTO `t_student` VALUES ('2015555', '123456', '李四', '15788888888', '男', '2018-05-28', '1531', '优秀');
INSERT INTO `t_student` VALUES ('2015556', '123456', '李四', '15788888888', '男', '2018-05-28', '1531', '优秀');
INSERT INTO `t_student` VALUES ('2015557', '123456', '李四', '15788888888', '男', '2018-05-28', '1531', '优秀');
INSERT INTO `t_student` VALUES ('2015558', '123456', '李四', '15788888888', '男', '2018-05-28', '1531', '优秀');
INSERT INTO `t_student` VALUES ('2015559', '123456', '李四', '15788888888', '男', '2018-05-28', '1531', '优秀');
INSERT INTO `t_student` VALUES ('2015560', '123456', '李四', '15788888888', '男', '2018-05-28', '1531', '优秀');
INSERT INTO `t_student` VALUES ('2015561', '123456', '李四', '15788888888', '男', '2018-05-28', '1531', '优秀');
INSERT INTO `t_student` VALUES ('2015562', '123456', '李四', '15788888888', '男', '2018-05-28', '1531', '优秀');
INSERT INTO `t_student` VALUES ('2015563', '123456', '李四', '15788888888', '男', '2018-05-28', '1531', '优秀');
INSERT INTO `t_student` VALUES ('2015564', '123456', '李四', '15788888888', '男', '2018-05-28', '1531', '优秀');
INSERT INTO `t_student` VALUES ('2015565', '123456', '李四', '15788888888', '男', '2018-05-28', '1531', '优秀');
INSERT INTO `t_student` VALUES ('2015566', '123456', '李四', '15788888888', '男', '2018-05-28', '1531', '优秀');
INSERT INTO `t_student` VALUES ('2015567', '123456', '李四', '15788888888', '男', '2018-05-28', '1531', '优秀');
INSERT INTO `t_student` VALUES ('2015568', '123456', '李四', '15788888888', '男', '2018-05-28', '1531', '优秀');
INSERT INTO `t_student` VALUES ('2015569', '123456', '李四', '15788888888', '男', '2018-05-28', '1531', '合格');
INSERT INTO `t_student` VALUES ('2015570', '123456', '李四', '15788888888', '男', '2018-05-28', '1531', '合格');

-- ----------------------------
-- Table structure for t_tc
-- ----------------------------
DROP TABLE IF EXISTS `t_tc`;
CREATE TABLE `t_tc` (
  `cno` int(4) NOT NULL,
  `tno` int(4) NOT NULL,
  PRIMARY KEY (`cno`,`tno`),
  KEY `t_tc_ibfk_2` (`tno`),
  CONSTRAINT `t_tc_ibfk_1` FOREIGN KEY (`cno`) REFERENCES `t_course` (`cno`),
  CONSTRAINT `t_tc_ibfk_2` FOREIGN KEY (`tno`) REFERENCES `t_teacher` (`tno`)
) ENGINE=InnoDB DEFAULT CHARSET=utf8;

-- ----------------------------
-- Records of t_tc
-- ----------------------------
INSERT INTO `t_tc` VALUES ('1001', '1001');
INSERT INTO `t_tc` VALUES ('1002', '1001');
INSERT INTO `t_tc` VALUES ('1004', '1001');
INSERT INTO `t_tc` VALUES ('1009', '1001');
INSERT INTO `t_tc` VALUES ('1005', '1002');
INSERT INTO `t_tc` VALUES ('1008', '1002');
INSERT INTO `t_tc` VALUES ('1002', '1003');
INSERT INTO `t_tc` VALUES ('1004', '1003');
INSERT INTO `t_tc` VALUES ('1007', '1004');
INSERT INTO `t_tc` VALUES ('1008', '1004');
INSERT INTO `t_tc` VALUES ('1008', '1005');
INSERT INTO `t_tc` VALUES ('1004', '1006');

-- ----------------------------
-- Table structure for t_teacher
-- ----------------------------
DROP TABLE IF EXISTS `t_teacher`;
CREATE TABLE `t_teacher` (
  `tno` int(4) NOT NULL AUTO_INCREMENT,
  `tname` varchar(20) DEFAULT NULL,
  `password` varchar(20) DEFAULT NULL,
  `phone` bigint(11) DEFAULT NULL,
  `hiredate` date DEFAULT NULL,
  `remark` varchar(500) DEFAULT NULL,
  PRIMARY KEY (`tno`)
) ENGINE=InnoDB AUTO_INCREMENT=1007 DEFAULT CHARSET=utf8;

-- ----------------------------
-- Records of t_teacher
-- ----------------------------
INSERT INTO `t_teacher` VALUES ('1001', '张志斌', '123456', '15788888888', '2017-07-20', '张老师是一个超级幽默的老师，教学认真，态度友好，有自己独有的教学方法，深得学生喜爱');
INSERT INTO `t_teacher` VALUES ('1002', '白茹意', '123456', '15766666666', '2018-03-06', '白老师工作认真负责，不推卸责任');
INSERT INTO `t_teacher` VALUES ('1003', '郭新峰', '123456', '15733333333', '2018-05-14', '<span style=\"font-family:Arial Black;\"><span style=\"color:#E53333;\"><span style=\"color:#E53333;\">郭老师很认真负责</span></span></span>');
INSERT INTO `t_teacher` VALUES ('1004', '赵丽', '123456', '15722222222', '2018-04-03', null);
INSERT INTO `t_teacher` VALUES ('1005', '齐兴斌', '123456', '15711111111', '2004-05-28', null);
INSERT INTO `t_teacher` VALUES ('1006', '尹少平', '123456', '15777777777', '2014-06-11', null);
